{
    "LoginPage":{
        "url":"home.ness-tech.co.il",
        "elements":[
            {
                "name": "user_name",
                "by":"id",
                "selector": "user_name"
            },
            {
                "name":"password",
                "by":"id",
                "selector": "password"
            },
            {
                "name":"click_login",
                "by":"id",
                "selector": "submit_button"
            }
        ]
    },
    "HomePage":{
        "url":"homeil.ness.com/israel/Pages/home.aspx",
        "elements":[
            {
                "name": "Logout",
                "by":"xpath",
                "selector": "//a[text()='Log out' and contains(@style,'color: rgb')]"
            }
        ]
    }
}